[{"id":"user-image-3291695.png","publicUrl":"np://user.desktop.nicepage.com/Site_36329328/images/3291695.png","size":2686,"hash":"vnpAKF7TTQZhSK78p361HXff+Ck=","fileName":"3291695.png","name":"3291695","width":128,"height":128,"thumbnail":{"url":"np://user.desktop.nicepage.com/Site_36329328/images/thumbnails/3291695.png","width":128,"height":128,"length":2686,"type":"png"},"folderId":null,"usages":[]},{"id":"user-image-3670068.png","publicUrl":"np://user.desktop.nicepage.com/Site_36329328/images/3670068.png","size":3108,"hash":"vc5LpA3CdBWHbpvuKXy5foX0Gpo=","fileName":"3670068.png","name":"3670068","width":128,"height":128,"thumbnail":{"url":"np://user.desktop.nicepage.com/Site_36329328/images/thumbnails/3670068.png","width":128,"height":128,"length":3108,"type":"png"},"folderId":null,"usages":[]},{"id":"user-image-1384023.png","publicUrl":"np://user.desktop.nicepage.com/Site_36329328/images/1384023.png","size":3613,"hash":"UBFbOpnP8r2saxPhD2BQbLOpB6k=","fileName":"1384023.png","name":"1384023","width":128,"height":128,"thumbnail":{"url":"np://user.desktop.nicepage.com/Site_36329328/images/thumbnails/1384023.png","width":128,"height":128,"length":3613,"type":"png"},"folderId":null,"usages":[]},{"id":"user-image-1151429.png","publicUrl":"np://user.desktop.nicepage.com/Site_36329328/images/1151429.png","size":4825,"hash":"EpXW2QwdxPVjbDXriNpJXtQqt6k=","fileName":"1151429.png","name":"1151429","width":128,"height":128,"thumbnail":{"url":"np://user.desktop.nicepage.com/Site_36329328/images/thumbnails/1151429.png","width":128,"height":128,"length":4825,"type":"png"},"folderId":null,"usages":[]},{"id":"user-image-1384088.png","publicUrl":"np://user.desktop.nicepage.com/Site_36329328/images/1384088.png","size":1809,"hash":"PJbsK3T0P8ptZMbCZXVJMSRz/ww=","fileName":"1384088.png","name":"1384088","width":128,"height":128,"thumbnail":{"url":"np://user.desktop.nicepage.com/Site_36329328/images/thumbnails/1384088.png","width":128,"height":128,"length":1809,"type":"png"},"folderId":null,"usages":[]},{"id":"user-image-482138.png","publicUrl":"np://user.desktop.nicepage.com/Site_36329328/images/482138.png","size":3813,"hash":"W2igwWoLg6HTX1lh/e5OFct7Mi4=","fileName":"482138.png","name":"482138","width":128,"height":128,"thumbnail":{"url":"np://user.desktop.nicepage.com/Site_36329328/images/thumbnails/482138.png","width":128,"height":128,"length":3813,"type":"png"},"folderId":null,"usages":[]},{"id":"user-image-Googles-cars-localize-themselves.jpg","publicUrl":"np://user.desktop.nicepage.com/Site_36329328/images/Googles-cars-localize-themselves.jpg","size":167800,"hash":"lsvltnm9pxkB384pdcqy94ZFJso=","fileName":"Googles-cars-localize-themselves.jpg","name":"Googles-cars-localize-themselves","width":785,"height":441,"thumbnail":{"url":"np://user.desktop.nicepage.com/Site_36329328/images/thumbnails/Googles-cars-localize-themselves.jpg","width":250,"height":140},"folderId":null,"usages":["695208516"]},{"id":"user-image-1_URl8Xawv6biXul2XoIUwyQ.jpg","publicUrl":"np://user.desktop.nicepage.com/Site_36329328/images/1_URl8Xawv6biXul2XoIUwyQ.jpg","size":136026,"hash":"V3tDaWy+JfCsm2Yp9LiEusmxSLc=","fileName":"1_URl8Xawv6biXul2XoIUwyQ.jpg","name":"1_URl8Xawv6biXul2XoIUwyQ","width":1024,"height":682,"thumbnail":{"url":"np://user.desktop.nicepage.com/Site_36329328/images/thumbnails/1_URl8Xawv6biXul2XoIUwyQ.jpg","width":250,"height":167},"folderId":null,"usages":["695208516"]},{"id":"user-image-lidar-min.png","publicUrl":"np://user.desktop.nicepage.com/Site_36329328/images/lidar-min.png","size":208821,"hash":"pFym485RhWQjWOPcH7z5c4ffItc=","fileName":"lidar-min.png","name":"lidar-min","width":954,"height":506,"thumbnail":{"url":"np://user.desktop.nicepage.com/Site_36329328/images/thumbnails/lidar-min.png","width":250,"height":133},"folderId":null,"usages":["695208516"]},{"id":"user-image-1916131.png","publicUrl":"np://user.desktop.nicepage.com/Site_36329328/images/1916131.png","size":2135,"hash":"vFxjqNK5GPT8xZTGnoL8nF+qEa8=","fileName":"1916131.png","name":"1916131","width":128,"height":128,"thumbnail":{"url":"np://user.desktop.nicepage.com/Site_36329328/images/thumbnails/1916131.png","width":128,"height":128,"length":2135,"type":"png"},"folderId":null,"usages":["695208516"]},{"id":"user-image-89102.png","publicUrl":"np://user.desktop.nicepage.com/Site_36329328/images/89102.png","size":1442,"hash":"DM86ow//ezUq7iEDPY+r/9Yrg3o=","fileName":"89102.png","name":"89102","width":128,"height":128,"thumbnail":{"url":"np://user.desktop.nicepage.com/Site_36329328/images/thumbnails/89102.png","width":128,"height":128,"length":1442,"type":"png"},"folderId":null,"usages":["695208516"]},{"id":"user-image-3078951.png","publicUrl":"np://user.desktop.nicepage.com/Site_36329328/images/3078951.png","size":4172,"hash":"OXoF2ga3DQArx58ELXKTBXDIBG4=","fileName":"3078951.png","name":"3078951","width":128,"height":128,"thumbnail":{"url":"np://user.desktop.nicepage.com/Site_36329328/images/thumbnails/3078951.png","width":128,"height":128,"length":4172,"type":"png"},"folderId":null,"usages":["695208516"]},{"id":"user-image-9562609.png","publicUrl":"np://user.desktop.nicepage.com/Site_36329328/images/9562609.png","size":3451,"hash":"ZpfsRR5jBdm3uIT6Bc+WZYiv3NE=","fileName":"9562609.png","name":"9562609","width":128,"height":128,"thumbnail":{"url":"np://user.desktop.nicepage.com/Site_36329328/images/thumbnails/9562609.png","width":128,"height":128,"length":3451,"type":"png"},"folderId":null,"usages":["695208516"]},{"id":"user-image-4928898.png","publicUrl":"np://user.desktop.nicepage.com/Site_36329328/images/4928898.png","size":1777,"hash":"MDrv44N+QD5dmxjud+H00nRBnUY=","fileName":"4928898.png","name":"4928898","width":128,"height":128,"thumbnail":{"url":"np://user.desktop.nicepage.com/Site_36329328/images/thumbnails/4928898.png","width":128,"height":128,"length":1777,"type":"png"},"folderId":null,"usages":["695208516"]},{"id":"user-image-11860776.png","publicUrl":"np://user.desktop.nicepage.com/Site_36329328/images/11860776.png","size":3847,"hash":"WqNFHFxNwZmBXusVDm65n8hCAjw=","fileName":"11860776.png","name":"11860776","width":128,"height":128,"thumbnail":{"url":"np://user.desktop.nicepage.com/Site_36329328/images/thumbnails/11860776.png","width":128,"height":128,"length":3847,"type":"png"},"folderId":null,"usages":["695208516"]},{"id":"user-image-fDAjnws9_400x400.jpg","publicUrl":"np://user.desktop.nicepage.com/Site_36329328/images/fDAjnws9_400x400.jpg","size":26064,"hash":"DIO0YTF6HaaYf+ySfp8U9PDhvRg=","fileName":"fDAjnws9_400x400.jpg","name":"fDAjnws9_400x400","width":400,"height":400,"thumbnail":{"url":"np://user.desktop.nicepage.com/Site_36329328/images/thumbnails/fDAjnws9_400x400.jpg","width":250,"height":250},"folderId":null,"usages":["695208516"]},{"id":"user-image-download.jpeg","publicUrl":"np://user.desktop.nicepage.com/Site_36329328/images/download.jpeg","size":6279,"hash":"h1gQVF0ycttyiOfXOptfGD9yYYo=","fileName":"download.jpeg","name":"download","width":224,"height":224,"thumbnail":{"url":"np://user.desktop.nicepage.com/Site_36329328/images/thumbnails/download.jpeg","height":224,"width":224,"length":6279,"type":"jpg"},"folderId":null,"usages":["695208516"]},{"id":"user-image-ham.jpeg","publicUrl":"np://user.desktop.nicepage.com/Site_36329328/images/ham.jpeg","size":5971,"hash":"JscBF+iW0za2pBU1dmE6UMzPPH0=","fileName":"ham.jpeg","name":"ham","width":225,"height":225,"thumbnail":{"url":"np://user.desktop.nicepage.com/Site_36329328/images/thumbnails/ham.jpeg","height":225,"width":225,"length":5971,"type":"jpg"},"folderId":null,"usages":["695208516"]},{"id":"user-image-elvin.jpeg","publicUrl":"np://user.desktop.nicepage.com/Site_36329328/images/elvin.jpeg","size":73755,"hash":"E5VuXkRzZUhGIE1RTO0ePwUsIw4=","fileName":"elvin.jpeg","name":"elvin","width":800,"height":800,"thumbnail":{"url":"np://user.desktop.nicepage.com/Site_36329328/images/thumbnails/elvin.jpeg","width":250,"height":250},"folderId":null,"usages":["695208516"]},{"id":"user-image-teqdim.jpg","publicUrl":"np://user.desktop.nicepage.com/Site_36329328/images/teqdim.jpg","size":5106791,"hash":"lqVD9IbZjjWrjQuNMs6BIsCYa0A=","fileName":"teqdim.jpg","name":"teqdim","width":3840,"height":5760,"thumbnail":{"url":"np://user.desktop.nicepage.com/Site_36329328/images/thumbnails/teqdim.jpg","width":167,"height":250},"folderId":null,"usages":["695208516"]},{"id":"user-image-1-n12efioboov9duz2dxtjpg-96x96-removebg-preview.png","publicUrl":"np://user.desktop.nicepage.com/Site_36329328/images/1-n12efioboov9duz2dxtjpg-96x96-removebg-preview.png","size":3500,"hash":"3Cd13yLByVxHWrhKDHmk2Q8+2Sw=","fileName":"1-n12efioboov9duz2dxtjpg-96x96-removebg-preview.png","name":"1-n12efioboov9duz2dxtjpg-96x96-removebg-preview","width":96,"height":96,"thumbnail":{"url":"np://user.desktop.nicepage.com/Site_36329328/images/thumbnails/1-n12efioboov9duz2dxtjpg-96x96-removebg-preview.png","width":96,"height":96,"length":3500,"type":"png"},"folderId":null,"usages":[]},{"id":"user-image-autonomous-vehicles-self-driving-cars-scaled.jpeg","publicUrl":"np://user.desktop.nicepage.com/Site_36329328/images/autonomous-vehicles-self-driving-cars-scaled.jpeg","size":840948,"hash":"xpHAyztsV+N+JbCDm+bhRr0Cx4k=","fileName":"autonomous-vehicles-self-driving-cars-scaled.jpeg","name":"autonomous-vehicles-self-driving-cars-scaled","width":2560,"height":1945,"thumbnail":{"url":"np://user.desktop.nicepage.com/Site_36329328/images/thumbnails/autonomous-vehicles-self-driving-cars-scaled.jpeg","width":250,"height":190},"folderId":null,"usages":["695208516"]}]