[{"id":196709216,"status":2,"title":"Blog Template","order":1,"templateKey":"blog","customTemplate":false,"customTemplateFilename":null,"pageLinks":[],"dateCreated":"2023-08-25T18:32:51.310Z","dateUpdated":"2023-08-25T18:32:53.463Z","folderId":null,"pageName":"Blog Template"},{"id":585711237,"status":2,"title":"Post Template","order":2,"templateKey":"post","customTemplate":false,"customTemplateFilename":null,"pageLinks":[],"dateCreated":"2023-08-25T18:32:51.561Z","dateUpdated":"2023-08-25T18:32:53.601Z","folderId":null,"pageName":"Post Template"},{"id":863929715,"status":2,"title":"Product List Template","order":3,"templateKey":"products","customTemplate":false,"customTemplateFilename":null,"pageLinks":[],"dateCreated":"2023-08-25T18:32:51.777Z","dateUpdated":"2023-08-25T18:32:53.614Z","folderId":null,"pageName":"Product List Template"},{"id":46481788,"status":2,"title":"Product Details Template","order":4,"templateKey":"product","customTemplate":false,"customTemplateFilename":null,"pageLinks":[],"dateCreated":"2023-08-25T18:32:52.034Z","dateUpdated":"2023-08-25T18:32:53.629Z","folderId":null,"pageName":"Product Details Template"},{"id":290357748,"status":2,"title":"Shopping Cart Template","order":5,"templateKey":"cart","customTemplate":false,"customTemplateFilename":null,"pageLinks":[],"dateCreated":"2023-08-25T18:32:52.214Z","dateUpdated":"2023-08-25T18:32:53.641Z","folderId":null,"pageName":"Shopping Cart Template"},{"id":3066670,"status":2,"title":"Checkout Template","order":6,"templateKey":"checkout","customTemplate":false,"customTemplateFilename":null,"pageLinks":[],"dateCreated":"2023-08-25T18:32:52.469Z","dateUpdated":"2023-08-25T18:32:53.651Z","folderId":null,"pageName":"Checkout Template"},{"id":23530277,"status":2,"title":"Login Template","order":7,"templateKey":"login","customTemplate":false,"customTemplateFilename":null,"pageLinks":[],"dateCreated":"2023-08-25T18:32:52.615Z","dateUpdated":"2023-08-25T18:32:53.682Z","folderId":null,"pageName":"Login Template"},{"id":709706228,"status":2,"title":"Page Password Template","order":8,"templateKey":"password","customTemplate":false,"customTemplateFilename":null,"pageLinks":[],"dateCreated":"2023-08-25T18:32:52.753Z","dateUpdated":"2023-08-25T18:32:53.702Z","folderId":null,"pageName":"Page Password Template"},{"id":46661992,"status":2,"title":"404 Not Found Template","order":9,"templateKey":"404","customTemplate":false,"customTemplateFilename":null,"pageLinks":[],"dateCreated":"2023-08-25T18:32:52.873Z","dateUpdated":"2023-08-25T18:32:53.714Z","folderId":null,"pageName":"404 Not Found Template"},{"id":10536385,"status":2,"title":"Thank You Page Template","order":10,"templateKey":"ThankYou","customTemplate":false,"customTemplateFilename":null,"pageLinks":[],"dateCreated":"2023-08-25T18:32:52.981Z","dateUpdated":"2023-08-25T18:32:53.725Z","folderId":null,"pageName":"Thank You Page Template"},{"id":695208516,"status":2,"title":"Javad Ibrahimli","order":51,"templateKey":null,"customTemplate":false,"customTemplateFilename":null,"pageLinks":[],"dateCreated":"2023-08-25T18:35:46.425Z","dateUpdated":"2023-08-26T13:19:35.750Z","folderId":null,"pageName":"Javad Ibrahimli_695208516"}]